<?xml version="1.0" encoding="UTF-8"?>
<java version="1.8.0_121" class="java.beans.XMLDecoder">
 <object class="java.util.ArrayList">
  <void method="add">
   <object class="poo.Cliente">
    <void property="codigo">
     <string>48576822YAlejandro Maestro</string>
    </void>
    <void property="credito">
     <double>1500.5</double>
    </void>
    <void property="direccion">
     <string>Calle Pelícano nº7</string>
    </void>
    <void property="listaUnidades">
     <object class="java.util.ArrayList"/>
    </void>
    <void property="nif">
     <string>48576822Y</string>
    </void>
    <void property="nombre">
     <string>Alejandro Maestro</string>
    </void>
   </object>
  </void>
  <void method="add">
   <object class="poo.Cliente">
    <void property="codigo">
     <string>72936277AArturo Gomez</string>
    </void>
    <void property="credito">
     <double>2450.85</double>
    </void>
    <void property="direccion">
     <string>Camino Viejo de Simancas nº23</string>
    </void>
    <void property="listaUnidades">
     <object class="java.util.ArrayList"/>
    </void>
    <void property="nif">
     <string>72936277A</string>
    </void>
    <void property="nombre">
     <string>Arturo Gomez</string>
    </void>
   </object>
  </void>
 </object>
</java>
