<?xml version="1.0" encoding="UTF-8"?>
<java version="1.8.0_121" class="java.beans.XMLDecoder">
 <object class="java.util.ArrayList">
  <void method="add">
   <object class="poo.Almacen" id="Almacen0">
    <void class="poo.Almacen" method="getField">
     <string>listaProductos</string>
     <void method="set">
      <object idref="Almacen0"/>
      <object class="java.util.ArrayList">
       <void method="add">
        <object class="poo.Producto" id="Producto0">
         <void property="dimensiones">
          <object class="poo.Dimensiones">
           <void property="altura">
            <double>20.78</double>
           </void>
           <void property="ancho">
            <double>47.39</double>
           </void>
          </object>
         </void>
         <void property="listaUnidades">
          <object class="java.util.ArrayList">
           <void method="add">
            <object class="poo.Unidad">
             <void property="estado">
              <object class="java.lang.Enum" id="Estado0" method="valueOf">
               <class>poo.Estado</class>
               <string>libre</string>
              </object>
             </void>
             <void property="fechaCaducidad">
              <object class="java.util.GregorianCalendar">
               <void property="time">
                <object class="java.util.Date">
                 <long>1523277435117</long>
                </object>
               </void>
              </object>
             </void>
             <void property="producto">
              <object idref="Producto0"/>
             </void>
            </object>
           </void>
           <void method="add">
            <object class="poo.Unidad">
             <void property="estado">
              <object idref="Estado0"/>
             </void>
             <void property="fechaCaducidad">
              <object class="java.util.GregorianCalendar">
               <void property="time">
                <object class="java.util.Date">
                 <long>1864042635117</long>
                </object>
               </void>
              </object>
             </void>
             <void property="producto">
              <object idref="Producto0"/>
             </void>
            </object>
           </void>
          </object>
         </void>
         <void property="precioCompra">
          <double>82.0</double>
         </void>
         <void property="precioVenta">
          <double>123.0</double>
         </void>
         <void property="referencia">
          <string>SE001</string>
         </void>
         <void property="stock">
          <int>2</int>
         </void>
        </object>
       </void>
       <void method="add">
        <object class="poo.Producto" id="Producto1">
         <void property="dimensiones">
          <object class="poo.Dimensiones">
           <void property="altura">
            <double>20.78</double>
           </void>
           <void property="ancho">
            <double>47.39</double>
           </void>
          </object>
         </void>
         <void property="listaUnidades">
          <object class="java.util.ArrayList">
           <void method="add">
            <object class="poo.Unidad">
             <void property="estado">
              <object idref="Estado0"/>
             </void>
             <void property="fechaCaducidad">
              <object class="java.util.GregorianCalendar">
               <void property="time">
                <object class="java.util.Date">
                 <long>3190628235117</long>
                </object>
               </void>
              </object>
             </void>
             <void property="producto">
              <object idref="Producto1"/>
             </void>
            </object>
           </void>
           <void method="add">
            <object class="poo.Unidad">
             <void property="estado">
              <object idref="Estado0"/>
             </void>
             <void property="fechaCaducidad">
              <object class="java.util.GregorianCalendar">
               <void property="time">
                <object class="java.util.Date">
                 <long>1523277435117</long>
                </object>
               </void>
              </object>
             </void>
             <void property="producto">
              <object idref="Producto1"/>
             </void>
            </object>
           </void>
           <void method="add">
            <object class="poo.Unidad">
             <void property="estado">
              <object idref="Estado0"/>
             </void>
             <void property="fechaCaducidad">
              <object class="java.util.GregorianCalendar">
               <void property="time">
                <object class="java.util.Date">
                 <long>1512342000000</long>
                </object>
               </void>
              </object>
             </void>
             <void property="producto">
              <object idref="Producto1"/>
             </void>
            </object>
           </void>
          </object>
         </void>
         <void property="precioCompra">
          <double>82.0</double>
         </void>
         <void property="precioVenta">
          <double>123.0</double>
         </void>
         <void property="referencia">
          <string>SE002</string>
         </void>
         <void property="stock">
          <int>3</int>
         </void>
        </object>
       </void>
       <void method="add">
        <object class="poo.Producto" id="Producto2">
         <void property="dimensiones">
          <object class="poo.Dimensiones">
           <void property="altura">
            <double>75.0</double>
           </void>
           <void property="ancho">
            <double>52.0</double>
           </void>
          </object>
         </void>
         <void property="listaUnidades">
          <object class="java.util.ArrayList">
           <void method="add">
            <object class="poo.Unidad">
             <void property="estado">
              <object class="java.lang.Enum" id="Estado1" method="valueOf">
               <class>poo.Estado</class>
               <string>reservado</string>
              </object>
             </void>
             <void property="fechaCaducidad">
              <object class="java.util.GregorianCalendar">
               <void property="time">
                <object class="java.util.Date">
                 <long>1525644000000</long>
                </object>
               </void>
              </object>
             </void>
             <void property="producto">
              <object idref="Producto2"/>
             </void>
            </object>
           </void>
           <void method="add">
            <object class="poo.Unidad">
             <void property="estado">
              <object idref="Estado1"/>
             </void>
             <void property="fechaCaducidad">
              <object class="java.util.GregorianCalendar">
               <void property="time">
                <object class="java.util.Date">
                 <long>1567980000000</long>
                </object>
               </void>
              </object>
             </void>
             <void property="producto">
              <object idref="Producto2"/>
             </void>
            </object>
           </void>
           <void method="add">
            <object class="poo.Unidad">
             <void property="estado">
              <object idref="Estado0"/>
             </void>
             <void property="fechaCaducidad">
              <object class="java.util.GregorianCalendar">
               <void property="time">
                <object class="java.util.Date">
                 <long>1712181600000</long>
                </object>
               </void>
              </object>
             </void>
             <void property="producto">
              <object idref="Producto2"/>
             </void>
            </object>
           </void>
          </object>
         </void>
         <void property="precioCompra">
          <double>100.0</double>
         </void>
         <void property="precioVenta">
          <double>150.0</double>
         </void>
         <void property="referencia">
          <string>SE003</string>
         </void>
         <void property="stock">
          <int>3</int>
         </void>
        </object>
       </void>
       <void method="add">
        <object class="poo.Producto" id="Producto3">
         <void property="dimensiones">
          <object class="poo.Dimensiones">
           <void property="altura">
            <double>40.5</double>
           </void>
           <void property="ancho">
            <double>21.83</double>
           </void>
          </object>
         </void>
         <void property="listaUnidades">
          <object class="java.util.ArrayList">
           <void method="add">
            <object class="poo.Unidad">
             <void property="estado">
              <object idref="Estado0"/>
             </void>
             <void property="fechaCaducidad">
              <object class="java.util.GregorianCalendar">
               <void property="time">
                <object class="java.util.Date">
                 <long>1554760800000</long>
                </object>
               </void>
              </object>
             </void>
             <void property="producto">
              <object idref="Producto3"/>
             </void>
            </object>
           </void>
           <void method="add">
            <object class="poo.Unidad">
             <void property="estado">
              <object idref="Estado0"/>
             </void>
             <void property="fechaCaducidad">
              <object class="java.util.GregorianCalendar">
               <void property="time">
                <object class="java.util.Date">
                 <long>1499378400000</long>
                </object>
               </void>
              </object>
             </void>
             <void property="producto">
              <object idref="Producto3"/>
             </void>
            </object>
           </void>
          </object>
         </void>
         <void property="precioCompra">
          <double>123.0</double>
         </void>
         <void property="precioVenta">
          <double>184.5</double>
         </void>
         <void property="referencia">
          <string>SE004</string>
         </void>
         <void property="stock">
          <int>2</int>
         </void>
        </object>
       </void>
      </object>
     </void>
    </void>
    <void property="codigo">
     <string>AL-001</string>
    </void>
    <void property="localizacion">
     <object class="java.lang.Enum" method="valueOf">
      <class>poo.Localizacion</class>
      <string>seco</string>
     </object>
    </void>
   </object>
  </void>
  <void method="add">
   <object class="poo.Almacen" id="Almacen1">
    <void class="poo.Almacen" method="getField">
     <string>listaProductos</string>
     <void method="set">
      <object idref="Almacen1"/>
      <object class="java.util.ArrayList">
       <void method="add">
        <object class="poo.Producto" id="Producto4">
         <void property="dimensiones">
          <object class="poo.Dimensiones">
           <void property="altura">
            <double>21.0</double>
           </void>
           <void property="ancho">
            <double>40.0</double>
           </void>
          </object>
         </void>
         <void property="listaUnidades">
          <object class="java.util.ArrayList">
           <void method="add">
            <object class="poo.Unidad">
             <void property="estado">
              <object idref="Estado0"/>
             </void>
             <void property="fechaCaducidad">
              <object class="java.util.GregorianCalendar">
               <void property="time">
                <object class="java.util.Date">
                 <long>1518044400000</long>
                </object>
               </void>
              </object>
             </void>
             <void property="producto">
              <object idref="Producto4"/>
             </void>
            </object>
           </void>
           <void method="add">
            <object class="poo.Unidad">
             <void property="estado">
              <object idref="Estado0"/>
             </void>
             <void property="fechaCaducidad">
              <object class="java.util.GregorianCalendar">
               <void property="time">
                <object class="java.util.Date">
                 <long>1519686000000</long>
                </object>
               </void>
              </object>
             </void>
             <void property="producto">
              <object idref="Producto4"/>
             </void>
            </object>
           </void>
          </object>
         </void>
         <void property="precioCompra">
          <double>50.0</double>
         </void>
         <void property="precioVenta">
          <double>75.0</double>
         </void>
         <void property="referencia">
          <string>PR001</string>
         </void>
         <void property="stock">
          <int>2</int>
         </void>
        </object>
       </void>
       <void method="add">
        <object class="poo.Producto" id="Producto5">
         <void property="dimensiones">
          <object class="poo.Dimensiones">
           <void property="altura">
            <double>24.0</double>
           </void>
           <void property="ancho">
            <double>15.0</double>
           </void>
          </object>
         </void>
         <void property="listaUnidades">
          <object class="java.util.ArrayList">
           <void method="add">
            <object class="poo.Unidad">
             <void property="estado">
              <object idref="Estado0"/>
             </void>
             <void property="fechaCaducidad">
              <object class="java.util.GregorianCalendar">
               <void property="time">
                <object class="java.util.Date">
                 <long>1525471200000</long>
                </object>
               </void>
              </object>
             </void>
             <void property="producto">
              <object idref="Producto5"/>
             </void>
            </object>
           </void>
           <void method="add">
            <object class="poo.Unidad">
             <void property="estado">
              <object idref="Estado0"/>
             </void>
             <void property="fechaCaducidad">
              <object class="java.util.GregorianCalendar">
               <void property="time">
                <object class="java.util.Date">
                 <long>1533679200000</long>
                </object>
               </void>
              </object>
             </void>
             <void property="producto">
              <object idref="Producto5"/>
             </void>
            </object>
           </void>
           <void method="add">
            <object class="poo.Unidad">
             <void property="estado">
              <object idref="Estado0"/>
             </void>
             <void property="fechaCaducidad">
              <object class="java.util.GregorianCalendar">
               <void property="time">
                <object class="java.util.Date">
                 <long>1430776800000</long>
                </object>
               </void>
              </object>
             </void>
             <void property="producto">
              <object idref="Producto5"/>
             </void>
            </object>
           </void>
          </object>
         </void>
         <void property="precioCompra">
          <double>48.0</double>
         </void>
         <void property="precioVenta">
          <double>72.0</double>
         </void>
         <void property="referencia">
          <string>PR002</string>
         </void>
         <void property="stock">
          <int>3</int>
         </void>
        </object>
       </void>
       <void method="add">
        <object class="poo.Producto" id="Producto6">
         <void property="dimensiones">
          <object class="poo.Dimensiones">
           <void property="altura">
            <double>15.0</double>
           </void>
           <void property="ancho">
            <double>87.0</double>
           </void>
          </object>
         </void>
         <void property="listaUnidades">
          <object class="java.util.ArrayList">
           <void method="add">
            <object class="poo.Unidad">
             <void property="estado">
              <object idref="Estado0"/>
             </void>
             <void property="fechaCaducidad">
              <object class="java.util.GregorianCalendar">
               <void property="time">
                <object class="java.util.Date">
                 <long>1523224800000</long>
                </object>
               </void>
              </object>
             </void>
             <void property="producto">
              <object idref="Producto6"/>
             </void>
            </object>
           </void>
          </object>
         </void>
         <void property="precioCompra">
          <double>300.0</double>
         </void>
         <void property="precioVenta">
          <double>450.0</double>
         </void>
         <void property="referencia">
          <string>PR003</string>
         </void>
         <void property="stock">
          <int>1</int>
         </void>
        </object>
       </void>
      </object>
     </void>
    </void>
    <void property="codigo">
     <string>AL-002</string>
    </void>
    <void property="localizacion">
     <object class="java.lang.Enum" method="valueOf">
      <class>poo.Localizacion</class>
      <string>humedo</string>
     </object>
    </void>
   </object>
  </void>
 </object>
</java>
