<?xml version="1.0" encoding="UTF-8"?>
<java version="1.8.0_121" class="java.beans.XMLDecoder">
 <object class="java.util.ArrayList">
  <void method="add">
   <object class="poo.Cliente">
    <void property="codigo">
     <string>48576822YAlejandro Maestro</string>
    </void>
    <void property="credito">
     <double>1328.3</double>
    </void>
    <void property="direccion">
     <string>Calle Pelícano nº7</string>
    </void>
    <void property="listaUnidades">
     <object class="java.util.ArrayList">
      <void method="add">
       <object class="poo.Unidad" id="Unidad0">
        <void property="estado">
         <object class="java.lang.Enum" id="Estado0" method="valueOf">
          <class>poo.Estado</class>
          <string>vendido</string>
         </object>
        </void>
        <void property="fechaCaducidad">
         <object class="java.util.GregorianCalendar">
          <void property="time">
           <object class="java.util.Date">
            <long>1864042635117</long>
           </object>
          </void>
         </object>
        </void>
        <void property="producto">
         <object class="poo.Producto" id="Producto0">
          <void property="dimensiones">
           <object class="poo.Dimensiones">
            <void property="altura">
             <double>20.78</double>
            </void>
            <void property="ancho">
             <double>47.39</double>
            </void>
           </object>
          </void>
          <void property="listaUnidades">
           <object class="java.util.ArrayList">
            <void method="add">
             <object class="poo.Unidad">
              <void property="estado">
               <object class="java.lang.Enum" id="Estado1" method="valueOf">
                <class>poo.Estado</class>
                <string>libre</string>
               </object>
              </void>
              <void property="fechaCaducidad">
               <object class="java.util.GregorianCalendar">
                <void property="time">
                 <object class="java.util.Date">
                  <long>1523277435117</long>
                 </object>
                </void>
               </object>
              </void>
              <void property="producto">
               <object idref="Producto0"/>
              </void>
             </object>
            </void>
            <void method="add">
             <object idref="Unidad0"/>
            </void>
           </object>
          </void>
          <void property="precioCompra">
           <double>82.0</double>
          </void>
          <void property="precioVenta">
           <double>123.0</double>
          </void>
          <void property="referencia">
           <string>SE001</string>
          </void>
          <void property="stock">
           <int>2</int>
          </void>
         </object>
        </void>
       </object>
      </void>
      <void method="add">
       <object class="poo.Unidad" id="Unidad1">
        <void property="estado">
         <object idref="Estado0"/>
        </void>
        <void property="fechaCaducidad">
         <object class="java.util.GregorianCalendar">
          <void property="time">
           <object class="java.util.Date">
            <long>1523277435117</long>
           </object>
          </void>
         </object>
        </void>
        <void property="producto">
         <object class="poo.Producto" id="Producto1">
          <void property="dimensiones">
           <object class="poo.Dimensiones">
            <void property="altura">
             <double>20.78</double>
            </void>
            <void property="ancho">
             <double>47.39</double>
            </void>
           </object>
          </void>
          <void property="listaUnidades">
           <object class="java.util.ArrayList">
            <void method="add">
             <object class="poo.Unidad">
              <void property="estado">
               <object idref="Estado1"/>
              </void>
              <void property="fechaCaducidad">
               <object class="java.util.GregorianCalendar">
                <void property="time">
                 <object class="java.util.Date">
                  <long>3190628235117</long>
                 </object>
                </void>
               </object>
              </void>
              <void property="producto">
               <object idref="Producto1"/>
              </void>
             </object>
            </void>
            <void method="add">
             <object idref="Unidad1"/>
            </void>
           </object>
          </void>
          <void property="precioCompra">
           <double>82.0</double>
          </void>
          <void property="precioVenta">
           <double>123.0</double>
          </void>
          <void property="referencia">
           <string>SE002</string>
          </void>
          <void property="stock">
           <int>2</int>
          </void>
         </object>
        </void>
       </object>
      </void>
     </object>
    </void>
    <void property="nif">
     <string>48576822Y</string>
    </void>
    <void property="nombre">
     <string>Alejandro Maestro</string>
    </void>
   </object>
  </void>
  <void method="add">
   <object class="poo.Cliente">
    <void property="codigo">
     <string>72936277AArturo Gomez</string>
    </void>
    <void property="credito">
     <double>2450.85</double>
    </void>
    <void property="direccion">
     <string>Camino Viejo de Simancas nº23</string>
    </void>
    <void property="listaUnidades">
     <object class="java.util.ArrayList"/>
    </void>
    <void property="nif">
     <string>72936277A</string>
    </void>
    <void property="nombre">
     <string>Arturo Gomez</string>
    </void>
   </object>
  </void>
 </object>
</java>
